First Name|Last Name|Company|Phone
Bree|Cherry|Imperdiet Ornare In Limited|1-206-476-4517
Eden|Keith|Integer Incorporated|1-205-550-6565
Deborah|Gillespie|Diam Proin Dolor Corp.|1-480-268-6855
Shelley|Nguyen|Erat Vivamus Nisi Institute|1-881-246-3892
Athena|Osborne|Pharetra Sed Corporation|1-690-934-6120
Mona|Davidson|Volutpat Associates|1-807-594-8396
Candice|Schmidt|Sagittis Industries|1-719-231-2925
Axel|Morse|Quis Accumsan Convallis Ltd|1-292-743-6277
Colton|Webster|Eget Institute|1-371-764-5800
Deborah|Thornton|Erat Consulting|1-740-535-2758
Mona|Cole|Nisl Quisque Company|1-505-330-3417
Kelly|Carr|Sit Amet Dapibus Inc.|1-924-665-1443
Thor|Hammond|Nec Industries|1-381-867-6558
Audra|Kemp|Vulputate Associates|1-478-825-0507
Olivia|Larsen|Nascetur Inc.|1-118-709-1707
Jacqueline|Mendoza|Enim Corp.|1-946-364-7610
Bianca|Strong|Risus Ltd|1-111-341-9803
Dominique|Washington|Eleifend Non Foundation|1-564-332-8237
Riley|Johns|Ac Urna Corporation|1-825-550-2168
Salvador|Mccarthy|Nascetur LLP|1-917-846-3366
Vaughan|Jordan|Imperdiet Dictum Incorporated|1-482-141-7108
Sonia|Cooke|Tristique Ac Eleifend Corp.|1-274-870-5005
Alma|Guthrie|A Corp.|1-385-617-0457
Hanna|May|Ante Inc.|1-241-530-9718
Violet|Lawson|Enim Suspendisse LLC|1-586-392-1080
Venus|Torres|Sem Ut Foundation|1-179-761-7617
Lee|Cameron|Vulputate Corporation|1-873-256-5068
Tiger|Durham|Eget Massa Suspendisse Incorporated|1-439-226-6122
Jesse|Simpson|Enim Industries|1-302-283-5456
Abdul|Herring|Et Ultrices Posuere LLC|1-578-728-0930
Mallory|Hampton|Duis Consulting|1-631-625-7112
Melvin|Hale|At Industries|1-504-565-0212
Patience|Tyson|Ipsum Dolor PC|1-165-281-3873
Lawrence|Marquez|At Lacus Institute|1-437-177-4590
Price|Franklin|Etiam Incorporated|1-938-885-7477
Justin|Fletcher|Velit Egestas Associates|1-592-452-6646
Keaton|Davis|Aenean Egestas Foundation|1-956-434-3567
Forrest|Cooper|Commodo PC|1-641-693-7873
Selma|Rogers|Erat Company|1-842-756-7333
Amelia|Hickman|At Iaculis Quis LLP|1-326-390-8003
Arden|Cox|Praesent Eu Company|1-324-340-0950
Helen|Dixon|Mauris Blandit Mattis Company|1-698-956-2630
Ingrid|Henderson|At Augue Institute|1-832-908-0593
Peter|Owens|Penatibus Et Magnis Institute|1-778-435-5741
Myra|Zamora|Eu Placerat Eget Incorporated|1-417-934-0995
Susan|Jones|Egestas Duis Company|1-525-195-9202
Ivor|Jensen|Semper Et Lacinia LLP|1-379-216-9285
Kirk|Cain|Donec Dignissim Magna Foundation|1-174-678-4807
Caldwell|Hutchinson|Convallis Ante PC|1-626-395-9534
Robert|Mcintyre|Leo Ltd|1-986-912-5093
Skyler|Kinney|Feugiat Lorem Ipsum LLC|1-212-339-2400
Lenore|Gomez|Urna Vivamus Molestie Corp.|1-842-676-2440
Hollee|Cooke|Arcu Inc.|1-697-287-2024
Nadine|Mcgowan|Quisque Libero LLP|1-456-322-5397
Heather|Cote|Integer Vitae Inc.|1-524-833-4026
Noel|Holden|Faucibus Ut Inc.|1-296-952-3531
Ariana|Holloway|Non Lorem Vitae Inc.|1-320-514-2909
Fritz|Gates|Fusce Ltd|1-308-782-8485
Karina|Kelly|Fusce Mollis Consulting|1-912-373-4611
Adrian|Lucas|Ut Lacus PC|1-735-943-4618
Zorita|Cook|Placerat Velit Consulting|1-128-595-2065
Keith|Cash|Varius Associates|1-519-574-3336
Leilani|Mclean|Scelerisque Sed Sapien Consulting|1-956-727-5286
Plato|Howe|Elit Pretium Et PC|1-137-608-5878
Stacey|Leach|Velit Cras Lorem Ltd|1-747-726-2132
Yasir|Oneal|At Foundation|1-163-330-6632
Akeem|Foley|Nec Tempus Corp.|1-600-818-2430
Sebastian|Bean|Per Associates|1-739-836-8535
Elliott|Dunlap|Curabitur Company|1-413-554-5672
Leigh|Burks|Ut LLC|1-604-422-0984
Omar|Mccoy|Ac Sem Ut Limited|1-926-173-7256
Elijah|Warner|Velit Eget Laoreet Ltd|1-850-256-4837
Noble|Vaughn|Nunc Mauris Sapien Corporation|1-810-277-9071
Kuame|Garrison|Sem Pellentesque Ut PC|1-789-498-4468
Frances|Mason|Eu Odio Inc.|1-293-849-7766
Neville|Edwards|In PC|1-872-157-1625
Mohammad|Roach|Tellus Suspendisse Inc.|1-449-575-4284
Jolene|Phillips|Ullamcorper Industries|1-370-110-7628
Theodore|Stokes|Ut Pharetra Company|1-929-282-2131
Ira|Farley|Phasellus Dapibus Quam Limited|1-165-641-6853
Zachery|Chavez|Eget Limited|1-990-225-9818
Brent|Erickson|Ullamcorper Duis Limited|1-740-538-7187
Carter|Mills|Orci Tincidunt Adipiscing Company|1-577-451-4265
Carissa|Merritt|Ultricies Dignissim Lacus Limited|1-108-373-5270
Ferris|Franks|Donec Nibh Inc.|1-592-244-9838
Marsden|Ayers|In Condimentum Limited|1-333-310-5092
Shaine|Ware|Consectetuer Mauris Institute|1-925-307-6760
Cairo|Roth|Eleifend Ltd|1-708-936-4347
Callie|Hutchinson|Nec Consulting|1-892-514-6877
Dolan|Velasquez|Arcu Industries|1-752-770-9077
Linda|Norris|Aptent Taciti Limited|1-942-942-5791
Dai|Haynes|Nec Tellus Limited|1-702-761-0762
Malik|Campbell|Quam Consulting|1-216-783-1120
Gay|Booth|Mattis Corporation|1-313-991-2795
Gareth|Le|At Arcu Company|1-392-910-3132
Alyssa|Boyer|Eu LLC|1-811-551-4872
Shad|Hyde|Quisque Ornare Tortor LLC|1-586-764-3556
Rhoda|Delacruz|Integer Eu Corp.|1-325-811-5217
Zoe|Watkins|Consequat Auctor Ltd|1-259-735-2538
Deborah|Calderon|Facilisis Facilisis LLC|1-444-346-6151